X,LongitudinalElectricField,PlasmaDensity
9.999999776482582092e-03,-1.123945340514183044e-01,4.125048220157623291e-01
2.999999977693006484e-02,-1.087907254695892334e-01,7.959436178207397461e-01
4.999999977737754758e-02,-1.045824140310287476e-01,8.134102225303649902e-01
6.999999977782503380e-02,-1.004936993122100830e-01,7.937076091766357422e-01
8.999999977827251307e-02,-9.659209847450256348e-02,8.037981986999511719e-01
1.099999997787199923e-01,-9.274103492498397827e-02,8.260427117347717285e-01
1.299999997791674855e-01,-8.880963176488876343e-02,7.856119275093078613e-01
1.499999997796149509e-01,-8.477553725242614746e-02,8.134235143661499023e-01
1.699999997800624441e-01,-8.073609322309494019e-02,7.787814736366271973e-01
1.899999997805099372e-01,-7.676864415407180786e-02,8.101772069931030273e-01
2.099999997809574026e-01,-7.279346138238906860e-02,8.109481930732727051e-01
2.299999997814048958e-01,-6.867646425962448120e-02,7.882583141326904297e-01
2.499999997818523889e-01,-6.445690244436264038e-02,7.897849678993225098e-01
2.699999997822998821e-01,-6.032115221023559570e-02,7.713748216629028320e-01
2.899999997827473197e-01,-5.629894882440567017e-02,8.292837738990783691e-01
3.099999997831948129e-01,-5.219764634966850281e-02,7.914053797721862793e-01
3.299999997836423060e-01,-4.793649539351463318e-02,7.790033221244812012e-01
3.499999997840897992e-01,-4.370440170168876648e-02,7.762113213539123535e-01
3.699999997845372923e-01,-3.962692245841026306e-02,8.032355904579162598e-01
3.899999997849847300e-01,-3.552007675170898438e-02,8.217008709907531738e-01
4.099999997854322231e-01,-3.120324201881885529e-02,7.577924728393554688e-01
4.299999997858797163e-01,-2.682497724890708923e-02,7.797657251358032227e-01
4.499999997863272094e-01,-2.259664237499237061e-02,7.795770764350891113e-01
4.699999997867747026e-01,-1.840783283114433289e-02,8.283165693283081055e-01
4.899999997872221957e-01,-1.403483562171459198e-02,7.611563801765441895e-01
5.099999997876696334e-01,-9.566738270223140717e-03,7.605610489845275879e-01
5.299999997881171820e-01,-5.245266947895288467e-03,7.915948629379272461e-01
5.499999997885646197e-01,-1.028089318424463272e-03,8.020501732826232910e-01
5.699999997890120573e-01,3.341068979352712631e-03,7.874693870544433594e-01
5.899999997894596060e-01,7.890491746366024017e-03,7.518444061279296875e-01
6.099999997899070436e-01,1.235731504857540131e-02,7.758049964904785156e-01
6.299999997903545923e-01,1.660465821623802185e-02,7.882586717605590820e-01
6.499999997908020299e-01,2.085551619529724121e-02,8.165423274040222168e-01
6.699999997912494676e-01,2.533771842718124390e-02,7.562727928161621094e-01
6.899999997916970162e-01,2.989104203879833221e-02,7.614110112190246582e-01
7.099999997921444539e-01,3.421354293823242188e-02,7.744912505149841309e-01
7.299999997925920026e-01,3.838602453470230103e-02,8.287663459777832031e-01
7.499999997930394402e-01,4.275446757674217224e-02,7.768664956092834473e-01
7.699999997934868778e-01,4.733858630061149597e-02,7.451244592666625977e-01
7.899999997939344265e-01,5.179209262132644653e-02,7.755070924758911133e-01
8.099999997943818641e-01,5.599939450621604919e-02,8.020204901695251465e-01
8.299999997948294128e-01,6.027767062187194824e-02,8.120667934417724609e-01
8.499999997952768505e-01,6.482248753309249878e-02,7.461155056953430176e-01
8.699999997957242881e-01,6.934376060962677002e-02,7.557596564292907715e-01
8.899999997961718368e-01,7.356785982847213745e-02,7.982668876647949219e-01
9.099999997966192744e-01,7.774191349744796753e-02,8.313726782798767090e-01
9.299999997970668231e-01,8.221039921045303345e-02,7.519487738609313965e-01
9.499999997975142607e-01,8.678381145000457764e-02,7.478988170623779297e-01
9.699999997979618094e-01,9.106215834617614746e-02,7.859185934066772461e-01
9.899999997984092470e-01,9.514579921960830688e-02,8.396345973014831543e-01
1.009999999798856685e+00,9.946310520172119141e-02,7.688281536102294922e-01
1.029999999799304122e+00,1.040271669626235962e-01,7.564791440963745117e-01
1.049999999799751782e+00,1.084029823541641235e-01,7.632091045379638672e-01
1.069999999800199220e+00,1.124177873134613037e-01,8.251765966415405273e-01
1.089999999800646657e+00,1.164435818791389465e-01,8.189198970794677734e-01
1.109999999801094095e+00,1.208051890134811401e-01,7.633140087127685547e-01
1.129999999801541533e+00,1.252617537975311279e-01,7.593311667442321777e-01
1.149999999801989192e+00,1.293864995241165161e-01,7.858003377914428711e-01
1.169999999802436630e+00,1.332422941923141479e-01,8.495072126388549805e-01
1.189999999802884068e+00,1.372888833284378052e-01,7.887014150619506836e-01
1.209999999803331505e+00,1.416757702827453613e-01,7.713356018066406250e-01
1.229999999803778943e+00,1.459985673427581787e-01,7.648459672927856445e-01
1.249999999804226603e+00,1.498872935771942139e-01,8.009005188941955566e-01
1.269999999804674040e+00,1.535623222589492798e-01,8.696885704994201660e-01
1.289999999805121478e+00,1.574989706277847290e-01,7.764012813568115234e-01
1.309999999805568915e+00,1.616950482130050659e-01,7.810379862785339355e-01
1.329999999806016353e+00,1.656814515590667725e-01,7.835920453071594238e-01
1.349999999806464013e+00,1.692537516355514526e-01,8.357018232345581055e-01
1.369999999806911450e+00,1.728096604347229004e-01,8.577051162719726562e-01
1.389999999807358888e+00,1.767816394567489624e-01,7.787688970565795898e-01
1.409999999807806326e+00,1.809887439012527466e-01,7.746176123619079590e-01
1.429999999808253763e+00,1.848752796649932861e-01,7.888690233230590820e-01
1.449999999808701423e+00,1.882988661527633667e-01,8.600986599922180176e-01
1.469999999809148861e+00,1.917054802179336548e-01,8.458188176155090332e-01
1.489999999809596298e+00,1.954899728298187256e-01,7.901336550712585449e-01
1.509999999810043736e+00,1.994916945695877075e-01,7.956779599189758301e-01
1.529999999810491174e+00,2.032475620508193970e-01,7.987495660781860352e-01
1.549999999810938833e+00,2.065770924091339111e-01,8.440749049186706543e-01
1.569999999811386271e+00,2.097740620374679565e-01,8.649634718894958496e-01
1.589999999811833709e+00,2.132235914468765259e-01,8.129009604454040527e-01
1.609999999812281146e+00,2.169524878263473511e-01,8.080480098724365234e-01
1.629999999812728584e+00,2.206404209136962891e-01,8.133895993232727051e-01
1.649999999813176244e+00,2.239788323640823364e-01,8.208935856819152832e-01
1.669999999813623681e+00,2.269853204488754272e-01,8.696786761283874512e-01
1.689999999814071119e+00,2.299783229827880859e-01,8.589507937431335449e-01
1.709999999814518556e+00,2.332231700420379639e-01,8.260520696640014648e-01
1.729999999814965994e+00,2.366633415222167969e-01,8.275813460350036621e-01
1.749999999815413654e+00,2.399983555078506470e-01,8.287569284439086914e-01
1.769999999815861091e+00,2.429655939340591431e-01,8.402560353279113770e-01
1.789999999816308529e+00,2.455786466598510742e-01,8.920245170593261719e-01
1.809999999816755967e+00,2.480846941471099854e-01,8.742356896400451660e-01
1.829999999817203404e+00,2.506845593452453613e-01,8.615663647651672363e-01
1.849999999817651064e+00,2.533589601516723633e-01,8.709973692893981934e-01
1.869999999818098502e+00,2.559559643268585205e-01,8.636724352836608887e-01
1.889999999818545939e+00,2.583107650279998779e-01,8.814787864685058594e-01
1.909999999818993377e+00,2.603358626365661621e-01,8.988924026489257812e-01
1.929999999819441037e+00,2.621039152145385742e-01,9.130824208259582520e-01
1.949999999819888474e+00,2.638322710990905762e-01,9.250928163528442383e-01
1.969999999820335912e+00,2.657033503055572510e-01,8.993674516677856445e-01
1.989999999820783350e+00,2.677178382873535156e-01,8.947635293006896973e-01
2.009999999821230787e+00,2.697471678256988525e-01,8.998501896858215332e-01
2.029999999821678447e+00,2.716867923736572266e-01,9.040181636810302734e-01
2.049999999822125663e+00,2.734984159469604492e-01,9.068543314933776855e-01
2.069999999822573322e+00,2.751887440681457520e-01,9.197761416435241699e-01
2.089999999823020982e+00,2.767807245254516602e-01,9.187472462654113770e-01
2.109999999823468197e+00,2.782824635505676270e-01,9.242012500762939453e-01
2.129999999823915857e+00,2.796957194805145264e-01,9.282772541046142578e-01
2.149999999824363073e+00,2.810418903827667236e-01,9.377010464668273926e-01
2.169999999824810732e+00,2.823470234870910645e-01,9.301753044128417969e-01
2.189999999825258392e+00,2.836072742938995361e-01,9.383074045181274414e-01
2.209999999825705608e+00,2.848045229911804199e-01,9.402542114257812500e-01
2.229999999826153267e+00,2.859236896038055420e-01,9.437922835350036621e-01
2.249999999826600483e+00,2.869516611099243164e-01,9.485466480255126953e-01
2.269999999827048143e+00,2.878752946853637695e-01,9.530911445617675781e-01
2.289999999827495802e+00,2.886885702610015869e-01,9.618225693702697754e-01
2.309999999827943018e+00,2.893798053264617920e-01,9.628391265869140625e-01
2.329999999828390678e+00,2.899310290813446045e-01,9.714307785034179688e-01
2.349999999828837893e+00,2.903488278388977051e-01,9.839152693748474121e-01
2.369999999829285553e+00,2.906533181667327881e-01,9.827564954757690430e-01
2.389999999829733213e+00,2.908029854297637939e-01,9.923612475395202637e-01
2.409999999830180428e+00,2.906976044178009033e-01,9.968191981315612793e-01
2.429999999830628088e+00,2.903142869472503662e-01,1.025220513343811035e+00
2.449999999831075304e+00,2.897872924804687500e-01,1.037483453750610352e+00
2.469999999831522963e+00,2.892680466175079346e-01,1.014495015144348145e+00
2.489999999831970623e+00,2.887735962867736816e-01,1.027842760086059570e+00
2.509999999832417839e+00,2.882288098335266113e-01,1.024655461311340332e+00
2.529999999832865498e+00,2.875692248344421387e-01,1.035942196846008301e+00
2.549999999833312714e+00,2.867603600025177002e-01,1.037018060684204102e+00
2.569999999833760373e+00,2.857594490051269531e-01,1.054178953170776367e+00
2.589999999834208033e+00,2.845188379287719727e-01,1.054141044616699219e+00
2.609999999834655249e+00,2.830404639244079590e-01,1.079875707626342773e+00
2.629999999835102908e+00,2.814057469367980957e-01,1.086278676986694336e+00
2.649999999835550124e+00,2.796945273876190186e-01,1.079887866973876953e+00
2.669999999835997784e+00,2.779151797294616699e-01,1.089279890060424805e+00
2.689999999836445443e+00,2.760318219661712646e-01,1.096161484718322754e+00
2.709999999836892659e+00,2.740051448345184326e-01,1.099756598472595215e+00
2.729999999837340319e+00,2.717951536178588867e-01,1.106856703758239746e+00
2.749999999837787534e+00,2.693872451782226562e-01,1.126668334007263184e+00
2.769999999838235194e+00,2.668074369430541992e-01,1.125688314437866211e+00
2.789999999838682854e+00,2.640922665596008301e-01,1.136985063552856445e+00
2.809999999839130069e+00,2.612682282924652100e-01,1.141209602355957031e+00
2.829999999839577729e+00,2.583469152450561523e-01,1.148209571838378906e+00
2.849999999840024945e+00,2.553028762340545654e-01,1.148287296295166016e+00
2.869999999840472604e+00,2.520691156387329102e-01,1.161572098731994629e+00
2.889999999840920264e+00,2.485931366682052612e-01,1.173249244689941406e+00
2.909999999841367480e+00,2.448873370885848999e-01,1.189028978347778320e+00
2.929999999841815139e+00,2.410178631544113159e-01,1.190862774848937988e+00
2.949999999842262355e+00,2.370467931032180786e-01,1.204808712005615234e+00
2.969999999842710015e+00,2.329538911581039429e-01,1.198590517044067383e+00
2.989999999843157674e+00,2.286399304866790771e-01,1.209486842155456543e+00
3.009999999843604890e+00,2.240424007177352905e-01,1.239446163177490234e+00
3.029999999844052549e+00,2.192058712244033813e-01,1.240905642509460449e+00
3.049999999844499765e+00,2.141893208026885986e-01,1.248547434806823730e+00
3.069999999844947425e+00,2.089896947145462036e-01,1.260565876960754395e+00
3.089999999845395084e+00,2.035865783691406250e-01,1.267213702201843262e+00
3.109999999845842300e+00,1.980103403329849243e-01,1.285806298255920410e+00
3.129999999846289960e+00,1.922902315855026245e-01,1.284815073013305664e+00
3.149999999846737175e+00,1.863659173250198364e-01,1.287727475166320801e+00
3.169999999847184835e+00,1.801528781652450562e-01,1.310653567314147949e+00
3.189999999847632495e+00,1.736970990896224976e-01,1.335216045379638672e+00
3.209999999848079710e+00,1.671310812234878540e-01,1.323182702064514160e+00
3.229999999848527370e+00,1.605166792869567871e-01,1.325139403343200684e+00
3.249999999848974586e+00,1.538579910993576050e-01,1.337810873985290527e+00
3.269999999849422245e+00,1.471600085496902466e-01,1.343197345733642578e+00
3.289999999849869905e+00,1.403701305389404297e-01,1.319375157356262207e+00
3.309999999850317121e+00,1.333978921175003052e-01,1.359257817268371582e+00
3.329999999850764780e+00,1.262169033288955688e-01,1.368359088897705078e+00
3.349999999851211996e+00,1.188218370079994202e-01,1.351269364356994629e+00
3.369999999851659656e+00,1.111796796321868896e-01,1.389826893806457520e+00
3.389999999852107315e+00,1.033095568418502808e-01,1.402840495109558105e+00
3.409999999852554531e+00,9.528053551912307739e-02,1.389611124992370605e+00
3.429999999853002191e+00,8.715528249740600586e-02,1.412432193756103516e+00
3.449999999853449406e+00,7.899244874715805054e-02,1.424171805381774902e+00
3.469999999853897066e+00,7.057860493659973145e-02,1.410599470138549805e+00
3.489999999854344725e+00,6.104272976517677307e-02,1.445856332778930664e+00
3.509999999854791941e+00,4.945461452007293701e-02,1.516750812530517578e+00
3.529999999855239601e+00,3.637366741895675659e-02,1.762876391410827637e+00
3.549999999855686816e+00,2.397181838750839233e-02,1.690517783164978027e+00
3.569999999856134476e+00,1.387142017483711243e-02,1.407453656196594238e+00
3.589999999856582136e+00,5.694519262760877609e-03,1.388063192367553711e+00
3.609999999857029351e+00,-1.825843472033739090e-03,1.400903344154357910e+00
3.629999999857477011e+00,-9.381893090903759003e-03,1.367748498916625977e+00
3.649999999857924227e+00,-1.703971624374389648e-02,1.394790530204772949e+00
3.669999999858371886e+00,-2.472386881709098816e-02,1.383955121040344238e+00
3.689999999858819546e+00,-3.239264339208602905e-02,1.378191351890563965e+00
3.709999999859266762e+00,-4.002607986330986023e-02,1.387433290481567383e+00
3.729999999859714421e+00,-4.761707410216331482e-02,1.379312515258789062e+00
3.749999999860161637e+00,-5.516792088747024536e-02,1.368587613105773926e+00
3.769999999860609297e+00,-6.267576664686203003e-02,1.390475869178771973e+00
3.789999999861056956e+00,-7.012763619422912598e-02,1.358777761459350586e+00
3.809999999861504172e+00,-7.750809192657470703e-02,1.375094532966613770e+00
3.829999999861951832e+00,-8.480896055698394775e-02,1.370851874351501465e+00
3.849999999862399491e+00,-9.203879535198211670e-02,1.345326185226440430e+00
3.869999999862846707e+00,-9.919460117816925049e-02,1.373330473899841309e+00
3.889999999863294367e+00,-1.062502413988113403e-01,1.350572586059570312e+00
3.909999999863741582e+00,-1.132063120603561401e-01,1.336744308471679688e+00
3.929999999864189242e+00,-1.200748458504676819e-01,1.353445887565612793e+00
3.949999999864636901e+00,-1.268314570188522339e-01,1.341240525245666504e+00
3.969999999865084117e+00,-1.334701925516128540e-01,1.319791913032531738e+00
3.989999999865531777e+00,-1.400120258331298828e-01,1.330546736717224121e+00
4.009999999865978992e+00,-1.464264839887619019e-01,1.334436655044555664e+00
4.029999999866426208e+00,-1.526929289102554321e-01,1.297208547592163086e+00
4.049999999866874312e+00,-1.588531136512756348e-01,1.304773330688476562e+00
4.069999999867321527e+00,-1.648952364921569824e-01,1.323563337326049805e+00
4.089999999867768743e+00,-1.707751452922821045e-01,1.280552506446838379e+00
4.109999999868216847e+00,-1.765369027853012085e-01,1.274294257164001465e+00
4.129999999868664062e+00,-1.821957528591156006e-01,1.308433175086975098e+00
4.149999999869111278e+00,-1.876572519540786743e-01,1.266435623168945312e+00
4.169999999869559382e+00,-1.929213851690292358e-01,1.253741264343261719e+00
4.189999999870006597e+00,-1.981160491704940796e-01,1.254453420639038086e+00
4.209999999870453813e+00,-2.032355368137359619e-01,1.275808930397033691e+00
4.229999999870901028e+00,-2.081196606159210205e-01,1.240159749984741211e+00
4.249999999871349132e+00,-2.127460688352584839e-01,1.223387360572814941e+00
4.269999999871796348e+00,-2.172870039939880371e-01,1.218487143516540527e+00
4.289999999872243563e+00,-2.218178212642669678e-01,1.240229368209838867e+00
4.309999999872691667e+00,-2.261877208948135376e-01,1.222957015037536621e+00
4.329999999873138883e+00,-2.302456051111221313e-01,1.198160409927368164e+00
4.349999999873586098e+00,-2.340633571147918701e-01,1.185421705245971680e+00
4.369999999874034202e+00,-2.378311455249786377e-01,1.183272838592529297e+00
4.389999999874481418e+00,-2.416012585163116455e-01,1.197415947914123535e+00
4.409999999874928633e+00,-2.452300786972045898e-01,1.187253832817077637e+00
4.429999999875375849e+00,-2.485687732696533203e-01,1.161548018455505371e+00
4.449999999875823953e+00,-2.516273856163024902e-01,1.150895595550537109e+00
4.469999999876271168e+00,-2.545319795608520508e-01,1.144712328910827637e+00
4.489999999876718384e+00,-2.573950886726379395e-01,1.140678286552429199e+00
4.509999999877166488e+00,-2.602291703224182129e-01,1.144696354866027832e+00
4.529999999877613703e+00,-2.629474997520446777e-01,1.140122532844543457e+00
4.549999999878060919e+00,-2.654515504837036133e-01,1.123441815376281738e+00
4.569999999878509023e+00,-2.677220702171325684e-01,1.110960006713867188e+00
4.589999999878956238e+00,-2.698060274124145508e-01,1.104415655136108398e+00
4.609999999879403454e+00,-2.717470526695251465e-01,1.097516775131225586e+00
4.629999999879850670e+00,-2.735533714294433594e-01,1.090804696083068848e+00
4.649999999880298773e+00,-2.752203941345214844e-01,1.083366274833679199e+00
4.669999999880745989e+00,-2.767567336559295654e-01,1.076434493064880371e+00
4.689999999881193204e+00,-2.781795263290405273e-01,1.070170879364013672e+00
4.709999999881641308e+00,-2.794962525367736816e-01,1.067118763923645020e+00
4.729999999882088524e+00,-2.806960046291351318e-01,1.060147643089294434e+00
4.749999999882535739e+00,-2.817649543285369873e-01,1.053038477897644043e+00
4.769999999882983843e+00,-2.826991379261016846e-01,1.046568155288696289e+00
4.789999999883431059e+00,-2.834978997707366943e-01,1.039963722229003906e+00
4.809999999883878274e+00,-2.841551005840301514e-01,1.033727049827575684e+00
4.829999999884325490e+00,-2.846682667732238770e-01,1.024799585342407227e+00
4.849999999884773594e+00,-2.850456535816192627e-01,1.018825650215148926e+00
4.869999999885220809e+00,-2.852993011474609375e-01,1.012721776962280273e+00
4.889999999885668025e+00,-2.854349017143249512e-01,1.007050037384033203e+00
4.909999999886116129e+00,-2.854536473751068115e-01,1.000823736190795898e+00
4.929999999886563344e+00,-2.853591740131378174e-01,9.952666759490966797e-01
4.949999999887010560e+00,-2.851579189300537109e-01,9.897021651268005371e-01
4.969999999887458664e+00,-2.848550677299499512e-01,9.849626421928405762e-01
4.989999999887905879e+00,-2.844502627849578857e-01,9.800728559494018555e-01
5.009999999888353095e+00,-2.839405238628387451e-01,9.743821024894714355e-01
5.029999999888800311e+00,-2.833249270915985107e-01,9.691362977027893066e-01
5.049999999889248414e+00,-2.826092839241027832e-01,9.642426371574401855e-01
5.069999999889695630e+00,-2.817983627319335938e-01,9.591263532638549805e-01
5.089999999890142846e+00,-2.808927595615386963e-01,9.551542997360229492e-01
5.109999999890590949e+00,-2.798897325992584229e-01,9.499037861824035645e-01
5.129999999891038165e+00,-2.787871658802032471e-01,9.443415403366088867e-01
5.149999999891485380e+00,-2.775830626487731934e-01,9.404415488243103027e-01
5.169999999891933484e+00,-2.762747704982757568e-01,9.342736005783081055e-01
5.189999999892380700e+00,-2.748592197895050049e-01,9.293908476829528809e-01
5.209999999892827915e+00,-2.733381688594818115e-01,9.239408969879150391e-01
5.229999999893276019e+00,-2.717157900333404541e-01,9.187209606170654297e-01
5.249999999893723235e+00,-2.699967324733734131e-01,9.146925806999206543e-01
5.269999999894170450e+00,-2.681992053985595703e-01,9.098019003868103027e-01
5.289999999894617666e+00,-2.663572430610656738e-01,9.059473872184753418e-01
5.309999999895065770e+00,-2.644976377487182617e-01,9.073992967605590820e-01
5.329999999895512985e+00,-2.626083493232727051e-01,9.083916544914245605e-01
5.349999999895960201e+00,-2.606509625911712646e-01,8.995288014411926270e-01
5.369999999896408305e+00,-2.585867047309875488e-01,8.987783789634704590e-01
5.389999999896855520e+00,-2.563907504081726074e-01,8.903043270111083984e-01
5.409999999897302736e+00,-2.540552914142608643e-01,8.826452493667602539e-01
5.429999999897750840e+00,-2.516065239906311035e-01,8.772236108779907227e-01
5.449999999898198055e+00,-2.490994036197662354e-01,8.742432594299316406e-01
5.469999999898645271e+00,-2.465970665216445923e-01,8.723741173744201660e-01
5.489999999899092487e+00,-2.441258132457733154e-01,8.787784576416015625e-01
5.509999999899540590e+00,-2.416524142026901245e-01,8.766981363296508789e-01
5.529999999899987806e+00,-2.390976995229721069e-01,8.732881546020507812e-01
5.549999999900435022e+00,-2.363868951797485352e-01,8.666586279869079590e-01
5.569999999900883125e+00,-2.335011363029479980e-01,8.529167771339416504e-01
5.589999999901330341e+00,-2.305031567811965942e-01,8.498877882957458496e-01
5.609999999901777556e+00,-2.275083512067794800e-01,8.468558788299560547e-01
5.629999999902225660e+00,-2.246014177799224854e-01,8.543939590454101562e-01
5.649999999902672876e+00,-2.217553853988647461e-01,8.618792891502380371e-01
5.669999999903120091e+00,-2.188395857810974121e-01,8.564542531967163086e-01
5.689999999903567307e+00,-2.157297432422637939e-01,8.458359837532043457e-01
5.709999999904015411e+00,-2.124222218990325928e-01,8.304475545883178711e-01
5.729999999904462626e+00,-2.090501934289932251e-01,8.291994333267211914e-01
5.749999999904909842e+00,-2.057666927576065063e-01,8.308336734771728516e-01
5.769999999905357946e+00,-2.025970220565795898e-01,8.508536815643310547e-01
5.789999999905805161e+00,-1.994128227233886719e-01,8.396577239036560059e-01
5.809999999906252377e+00,-1.960566490888595581e-01,8.370277881622314453e-01
5.829999999906700481e+00,-1.924978643655776978e-01,8.172569274902343750e-01
5.849999999907147696e+00,-1.888685971498489380e-01,8.124855160713195801e-01
5.869999999907594912e+00,-1.853335499763488770e-01,8.243352770805358887e-01
5.889999999908042128e+00,-1.819160133600234985e-01,8.308144807815551758e-01
5.909999999908490231e+00,-1.784626543521881104e-01,8.359342813491821289e-01
5.929999999908937447e+00,-1.748089492321014404e-01,8.161694407463073730e-01
5.949999999909384663e+00,-1.709790974855422974e-01,8.021748661994934082e-01
5.969999999909832766e+00,-1.671744734048843384e-01,8.017680644989013672e-01
5.989999999910279982e+00,-1.635303646326065063e-01,8.246650099754333496e-01
6.009999999910727198e+00,-1.599414646625518799e-01,8.262135386466979980e-01
6.029999999911175301e+00,-1.561857163906097412e-01,8.175557851791381836e-01
6.049999999911622517e+00,-1.522049456834793091e-01,7.927954792976379395e-01
6.069999999912069732e+00,-1.481890380382537842e-01,7.898661494255065918e-01
6.089999999912516948e+00,-1.443416774272918701e-01,8.105306029319763184e-01
6.109999999912965052e+00,-1.406124532222747803e-01,8.225275874137878418e-01
6.129999999913412267e+00,-1.367589533329010010e-01,8.143230080604553223e-01
6.149999999913859483e+00,-1.326644122600555420e-01,7.862134575843811035e-01
6.169999999914307587e+00,-1.284965574741363525e-01,7.836485505104064941e-01
6.189999999914754802e+00,-1.244880110025405884e-01,7.974450588226318359e-01
6.209999999915202018e+00,-1.206214427947998047e-01,8.192360401153564453e-01
6.229999999915650122e+00,-1.166494637727737427e-01,8.092390298843383789e-01
6.249999999916097337e+00,-1.124444305896759033e-01,7.799853086471557617e-01
6.269999999916544553e+00,-1.081825047731399536e-01,7.735317349433898926e-01
6.289999999916991769e+00,-1.040846779942512512e-01,8.040631413459777832e-01
6.309999999917439872e+00,-1.001055836677551270e-01,8.048990368843078613e-01
6.329999999917887088e+00,-9.600292146205902100e-02,8.061694502830505371e-01
6.349999999918334304e+00,-9.169180691242218018e-02,7.718423604965209961e-01
6.369999999918782407e+00,-8.736939728260040283e-02,7.717592120170593262e-01
6.389999999919229623e+00,-8.322028070688247681e-02,8.018725514411926270e-01
6.409999999919676839e+00,-7.913795113563537598e-02,8.064333796501159668e-01
6.429999999920124942e+00,-7.489207386970520020e-02,7.887602448463439941e-01
6.449999999920572158e+00,-7.048744708299636841e-02,7.669676542282104492e-01
6.469999999921019374e+00,-6.616067886352539062e-02,7.755922079086303711e-01
6.489999999921466589e+00,-6.200872361660003662e-02,8.054184317588806152e-01
6.509999999921914693e+00,-5.783285200595855713e-02,8.019904494285583496e-01
6.529999999922361908e+00,-5.344591662287712097e-02,7.737417221069335938e-01
6.549999999922809124e+00,-4.897313192486763000e-02,7.619837522506713867e-01
6.569999999923257228e+00,-4.466636478900909424e-02,7.849742174148559570e-01
6.589999999923704443e+00,-4.050898179411888123e-02,8.071262240409851074e-01
6.609999999924151659e+00,-3.623674809932708740e-02,7.934150099754333496e-01
6.629999999924599763e+00,-3.175259381532669067e-02,7.626223564147949219e-01
6.649999999925046978e+00,-2.728110179305076599e-02,7.622616291046142578e-01
6.669999999925494194e+00,-2.301612123847007751e-02,7.999556660652160645e-01
6.689999999925941410e+00,-1.881802268326282501e-02,8.005884289741516113e-01
6.709999999926389513e+00,-1.443839352577924728e-02,7.803205251693725586e-01
6.729999999926836729e+00,-9.908064268529415131e-03,7.601432204246520996e-01
6.749999999927283945e+00,-5.491005722433328629e-03,7.710492610931396484e-01
6.769999999927732048e+00,-1.271219924092292786e-03,8.036797642707824707e-01
6.789999999928179264e+00,2.981285098940134048e-03,7.999790310859680176e-01
6.809999999928626480e+00,7.443424314260482788e-03,7.655026316642761230e-01
6.829999999929074583e+00,1.195290312170982361e-02,7.582610845565795898e-01
6.849999999929521799e+00,1.627507619559764862e-02,7.927963137626647949e-01
6.869999999929969015e+00,2.047905698418617249e-02,8.014960289001464844e-01
6.889999999930416230e+00,2.481662295758724213e-02,7.866355180740356445e-01
6.909999999930864334e+00,2.931315079331398010e-02,7.605754137039184570e-01
6.929999999931311550e+00,3.372991830110549927e-02,7.698168754577636719e-01
6.949999999931758765e+00,3.795192763209342957e-02,8.033723831176757812e-01
6.969999999932206869e+00,4.217358678579330444e-02,7.999166250228881836e-01
6.989999999932654084e+00,4.658089205622673035e-02,7.714104056358337402e-01
7.009999999933101300e+00,5.104843154549598694e-02,7.623707056045532227e-01
7.029999999933549404e+00,5.533607304096221924e-02,7.882946133613586426e-01
7.049999999933996619e+00,5.947262421250343323e-02,8.062198162078857422e-01
7.069999999934443835e+00,6.371246278285980225e-02,7.945131659507751465e-01
7.089999999934891051e+00,6.814102828502655029e-02,7.659521102905273438e-01
7.109999999935339154e+00,7.253460586071014404e-02,7.678783535957336426e-01
7.129999999935786370e+00,7.669861614704132080e-02,8.015784025192260742e-01
7.149999999936233586e+00,8.077073097229003906e-02,8.092275857925415039e-01
7.169999999936681689e+00,8.501495420932769775e-02,7.868223786354064941e-01
7.189999999937128905e+00,8.941718935966491699e-02,7.699698805809020996e-01
7.209999999937576121e+00,9.369080513715744019e-02,7.690519690513610840e-01
7.229999999938024224e+00,9.771040827035903931e-02,8.215548992156982422e-01
7.249999999938471440e+00,1.017105579376220703e-01,8.081877231597900391e-01
7.269999999938918656e+00,1.059320420026779175e-01,7.816807031631469727e-01
7.289999999939365871e+00,1.102602779865264893e-01,7.716308832168579102e-01
7.309999999939813975e+00,1.144008636474609375e-01,7.884755730628967285e-01
7.329999999940261191e+00,1.183077320456504822e-01,8.193449974060058594e-01
7.349999999940708406e+00,1.222380548715591431e-01,8.129364252090454102e-01
7.369999999941156510e+00,1.263761967420578003e-01,7.826269865036010742e-01
7.389999999941603726e+00,1.305763423442840576e-01,7.806265354156494141e-01
7.409999999942050941e+00,1.345793157815933228e-01,7.980247139930725098e-01
7.429999999942499045e+00,1.383745372295379639e-01,8.229853510856628418e-01
7.449999999942946260e+00,1.422036737203598022e-01,8.152985572814941406e-01
7.469999999943393476e+00,1.462219953536987305e-01,7.905446290969848633e-01
7.489999999943840692e+00,1.502863466739654541e-01,7.898169159889221191e-01
7.509999999944288795e+00,1.541516333818435669e-01,8.009827733039855957e-01
7.529999999944736011e+00,1.578003913164138794e-01,8.330125808715820312e-01
7.549999999945183227e+00,1.614615172147750854e-01,8.207482695579528809e-01
7.569999999945631330e+00,1.653095334768295288e-01,8.017842173576354980e-01
7.589999999946078546e+00,1.692445874214172363e-01,7.991171479225158691e-01
7.609999999946525762e+00,1.730197370052337646e-01,8.020144701004028320e-01
7.629999999946973865e+00,1.765383929014205933e-01,8.342309594154357910e-01
7.649999999947421081e+00,1.799656152725219727e-01,8.367270827293395996e-01
7.669999999947868297e+00,1.835303455591201782e-01,8.187835216522216797e-01
7.689999999948316400e+00,1.872651875019073486e-01,8.101153969764709473e-01
7.709999999948763616e+00,1.909707486629486084e-01,8.098186850547790527e-01
7.729999999949210832e+00,1.944249272346496582e-01,8.182476162910461426e-01
7.749999999949658047e+00,1.976402997970581055e-01,8.577915430068969727e-01
7.769999999950106151e+00,2.008523344993591309e-01,8.415133357048034668e-01
7.789999999950553367e+00,2.042412459850311279e-01,8.234320878982543945e-01
7.809999999951000582e+00,2.077460587024688721e-01,8.234120011329650879e-01
7.829999999951448686e+00,2.111586481332778931e-01,8.263261318206787109e-01
7.849999999951895902e+00,2.143271416425704956e-01,8.379237651824951172e-01
7.869999999952343117e+00,2.172914594411849976e-01,8.609116673469543457e-01
7.889999999952791221e+00,2.202409356832504272e-01,8.586483597755432129e-01
7.909999999953238436e+00,2.233152389526367188e-01,8.379850983619689941e-01
7.929999999953685652e+00,2.264766246080398560e-01,8.413808345794677734e-01
7.949999999954132868e+00,2.295827865600585938e-01,8.451626300811767578e-01
7.969999999954580971e+00,2.325136363506317139e-01,8.490018248558044434e-01
7.989999999955028187e+00,2.352415472269058228e-01,8.671605587005615234e-01
8.009999999955475403e+00,2.378505915403366089e-01,8.728719353675842285e-01
8.029999999955922618e+00,2.404710203409194946e-01,8.709329366683959961e-01
8.049999999956369834e+00,2.431584298610687256e-01,8.611391782760620117e-01
8.069999999956818826e+00,2.458674162626266479e-01,8.635311126708984375e-01
8.089999999957266041e+00,2.485313415527343750e-01,8.692474961280822754e-01
8.109999999957713257e+00,2.511015832424163818e-01,8.711941838264465332e-01
8.129999999958160473e+00,2.535189986228942871e-01,8.748975396156311035e-01
8.149999999958607688e+00,2.557446360588073730e-01,8.888666629791259766e-01
8.169999999959054904e+00,2.578355371952056885e-01,9.020806550979614258e-01
8.189999999959503896e+00,2.599170506000518799e-01,8.963572382926940918e-01
8.209999999959951111e+00,2.620480656623840332e-01,8.891859650611877441e-01
8.229999999960398327e+00,2.641814947128295898e-01,8.928043842315673828e-01
8.249999999960845543e+00,2.662450373172760010e-01,8.973194956779479980e-01
8.269999999961292758e+00,2.682113051414489746e-01,9.027140140533447266e-01
8.289999999961739974e+00,2.700807452201843262e-01,9.064837098121643066e-01
8.309999999962187189e+00,2.718414962291717529e-01,9.114000797271728516e-01
8.329999999962636181e+00,2.734659016132354736e-01,9.170721769332885742e-01
8.349999999963083397e+00,2.749473452568054199e-01,9.275732636451721191e-01
8.369999999963530612e+00,2.763239443302154541e-01,9.324024915695190430e-01
8.389999999963977828e+00,2.776472270488739014e-01,9.345178008079528809e-01
8.409999999964425044e+00,2.789345383644104004e-01,9.334919452667236328e-01
8.429999999964872259e+00,2.801608443260192871e-01,9.387538433074951172e-01
8.449999999965319475e+00,2.812974750995635986e-01,9.434120655059814453e-01
8.469999999965768467e+00,2.823318541049957275e-01,9.484798908233642578e-01
8.489999999966215682e+00,2.832629084587097168e-01,9.533960819244384766e-01
8.509999999966662898e+00,2.840885818004608154e-01,9.585804343223571777e-01
8.529999999967110114e+00,2.848068177700042725e-01,9.641708731651306152e-01
8.549999999967557329e+00,2.854192852973937988e-01,9.695900082588195801e-01
8.569999999968004545e+00,2.859281003475189209e-01,9.745132327079772949e-01
8.589999999968453537e+00,2.863327860832214355e-01,9.795737266540527344e-01
8.609999999968900752e+00,2.866292595863342285e-01,9.853587746620178223e-01
8.629999999969347968e+00,2.868117392063140869e-01,9.907247424125671387e-01
8.649999999969795184e+00,2.868751883506774902e-01,9.966512918472290039e-01
8.669999999970242399e+00,2.868172824382781982e-01,1.003204464912414551e+00
8.689999999970689615e+00,2.866401672363281250e-01,1.008836269378662109e+00
8.709999999971136830e+00,2.863453924655914307e-01,1.014828085899353027e+00
8.729999999971585822e+00,2.859307229518890381e-01,1.020383715629577637e+00
8.749999999972033038e+00,2.853921353816986084e-01,1.027134776115417480e+00
8.769999999972480254e+00,2.847280800342559814e-01,1.033185362815856934e+00
8.789999999972927469e+00,2.839399278163909912e-01,1.039459466934204102e+00
8.809999999973374685e+00,2.830311954021453857e-01,1.045701861381530762e+00
8.829999999973821900e+00,2.820000350475311279e-01,1.051541805267333984e+00
8.849999999974269116e+00,2.808334231376647949e-01,1.057967305183410645e+00
8.869999999974718108e+00,2.795071303844451904e-01,1.065352320671081543e+00
8.889999999975165323e+00,2.780128419399261475e-01,1.074617147445678711e+00
8.909999999975612539e+00,2.763736844062805176e-01,1.085780262947082520e+00
8.929999999976059755e+00,2.746154367923736572e-01,1.084553599357604980e+00
8.949999999976506970e+00,2.727337181568145752e-01,1.094338774681091309e+00
8.969999999976954186e+00,2.707093358039855957e-01,1.101551890373229980e+00
8.989999999977403178e+00,2.685396969318389893e-01,1.108761310577392578e+00
9.009999999977850393e+00,2.662302255630493164e-01,1.115856766700744629e+00
9.029999999978297609e+00,2.637730538845062256e-01,1.121771097183227539e+00
9.049999999978744825e+00,2.611562907695770264e-01,1.130147814750671387e+00
9.069999999979192040e+00,2.583911120891571045e-01,1.140513539314270020e+00
9.089999999979639256e+00,2.554898262023925781e-01,1.147698402404785156e+00
9.109999999980086471e+00,2.524262070655822754e-01,1.142707228660583496e+00
9.129999999980535463e+00,2.491678893566131592e-01,1.172273516654968262e+00
9.149999999980982679e+00,2.457328885793685913e-01,1.170380711555480957e+00
9.169999999981429895e+00,2.421640008687973022e-01,1.175068974494934082e+00
9.189999999981877110e+00,2.384871393442153931e-01,1.189418435096740723e+00
9.209999999982324326e+00,2.346949875354766846e-01,1.186988949775695801e+00
9.229999999982771541e+00,2.307316809892654419e-01,1.193086862564086914e+00
9.249999999983218757e+00,2.265393882989883423e-01,1.214057683944702148e+00
9.269999999983667749e+00,2.221517264842987061e-01,1.216350913047790527e+00
9.289999999984114964e+00,2.176721543073654175e-01,1.238772153854370117e+00
9.309999999984562180e+00,2.131040990352630615e-01,1.210598349571228027e+00
9.329999999985009396e+00,2.083265632390975952e-01,1.236725807189941406e+00
9.349999999985456611e+00,2.033179104328155518e-01,1.261199116706848145e+00
9.369999999985903827e+00,1.982126682996749878e-01,1.265771865844726562e+00
9.389999999986352819e+00,1.930378228425979614e-01,1.236890435218811035e+00
9.409999999986800034e+00,1.876587420701980591e-01,1.267212152481079102e+00
9.429999999987247250e+00,1.820681095123291016e-01,1.300259709358215332e+00
9.449999999987694466e+00,1.763911545276641846e-01,1.283627867698669434e+00
9.469999999988141681e+00,1.706035584211349487e-01,1.260083079338073730e+00
9.489999999988588897e+00,1.646125763654708862e-01,1.320340275764465332e+00
9.509999999989036112e+00,1.584890037775039673e-01,1.322255969047546387e+00
9.529999999989485104e+00,1.522938460111618042e-01,1.280564308166503906e+00
9.549999999989932320e+00,1.459469497203826904e-01,1.317063093185424805e+00
9.569999999990379536e+00,1.394440233707427979e-01,1.359031438827514648e+00
9.589999999990826751e+00,1.328508406877517700e-01,1.300086736679077148e+00
9.609999999991273967e+00,1.261378526687622070e-01,1.326629638671875000e+00
9.629999999991721182e+00,1.192927137017250061e-01,1.384288311004638672e+00
9.649999999992168398e+00,1.123589724302291870e-01,1.309225559234619141e+00
9.669999999992617390e+00,1.053201109170913696e-01,1.352625131607055664e+00
9.689999999993064606e+00,9.816551208496093750e-02,1.392845034599304199e+00
9.709999999993511821e+00,9.093360602855682373e-02,1.318200469017028809e+00
9.729999999993959037e+00,8.363538235425949097e-02,1.389344215393066406e+00
9.749999999994406252e+00,7.625649869441986084e-02,1.375979900360107422e+00
9.769999999994853468e+00,6.878613680601119995e-02,1.338216066360473633e+00
9.789999999995302460e+00,6.123814359307289124e-02,1.420081019401550293e+00
9.809999999995749675e+00,5.365380644798278809e-02,1.357578396797180176e+00
9.829999999996196891e+00,4.603419080376625061e-02,1.370291113853454590e+00
9.849999999996644107e+00,3.835261985659599304e-02,1.414639472961425781e+00
9.869999999997091322e+00,3.062269464135169983e-02,1.354380846023559570e+00
9.889999999997538538e+00,2.287606894969940186e-02,1.408821463584899902e+00
9.909999999997985753e+00,1.511522009968757629e-02,1.385988235473632812e+00
9.929999999998434745e+00,7.324427366256713867e-03,1.368474245071411133e+00
9.949999999998881961e+00,-4.855794832110404968e-04,1.424511075019836426e+00
9.969999999999329177e+00,-8.283996954560279846e-03,1.363150596618652344e+00
9.989999999999776392e+00,-1.607152447104454041e-02,1.396128654479980469e+00
1.001000000000022361e+01,-2.385342121124267578e-02,1.398516774177551270e+00
1.003000000000067082e+01,-3.160785138607025146e-02,1.374676704406738281e+00
1.005000000000111804e+01,-3.932565450668334961e-02,1.394359707832336426e+00
1.007000000000156703e+01,-4.701196029782295227e-02,1.380527138710021973e+00
1.009000000000201425e+01,-5.465758964419364929e-02,1.384180784225463867e+00
1.011000000000246146e+01,-6.225039437413215637e-02,1.378168344497680664e+00
1.013000000000290868e+01,-6.978830695152282715e-02,1.378163695335388184e+00
1.015000000000335589e+01,-7.727147638797760010e-02,1.373313903808593750e+00
1.017000000000380311e+01,-8.468158543109893799e-02,1.367741703987121582e+00
1.019000000000425210e+01,-9.199228137731552124e-02,1.377533435821533203e+00
1.021000000000469932e+01,-9.921600669622421265e-02,1.343237042427062988e+00
1.023000000000514653e+01,-1.063697859644889832e-01,1.365194678306579590e+00
1.025000000000559375e+01,-1.134258434176445007e-01,1.367923140525817871e+00
1.027000000000604096e+01,-1.203763931989669800e-01,1.318873643875122070e+00
1.029000000000648818e+01,-1.272304952144622803e-01,1.359040617942810059e+00
1.031000000000693539e+01,-1.339567452669143677e-01,1.352093577384948730e+00
1.033000000000738439e+01,-1.405680030584335327e-01,1.292640209197998047e+00
1.035000000000783160e+01,-1.470940709114074707e-01,1.347977399826049805e+00
1.037000000000827882e+01,-1.534656882286071777e-01,1.341314792633056641e+00
1.039000000000872603e+01,-1.596766114234924316e-01,1.265320420265197754e+00
1.041000000000917325e+01,-1.658204644918441772e-01,1.320793509483337402e+00
1.043000000000962046e+01,-1.718317717313766479e-01,1.336002945899963379e+00
1.045000000001006946e+01,-1.776133924722671509e-01,1.252524852752685547e+00
1.047000000001051667e+01,-1.832922846078872681e-01,1.273795962333679199e+00
1.049000000001096389e+01,-1.889168471097946167e-01,1.313462257385253906e+00
1.051000000001141110e+01,-1.942990869283676147e-01,1.274835348129272461e+00
1.053000000001185832e+01,-1.994498074054718018e-01,1.218431949615478516e+00
1.055000000001230553e+01,-2.046123445034027100e-01,1.265273571014404297e+00
1.057000000001275275e+01,-2.097280323505401611e-01,1.288455247879028320e+00
1.059000000001320174e+01,-2.144794315099716187e-01,1.230537056922912598e+00
1.061000000001364896e+01,-2.188980728387832642e-01,1.197090864181518555e+00
1.063000000001409617e+01,-2.233652323484420776e-01,1.215497374534606934e+00
1.065000000001454339e+01,-2.279632240533828735e-01,1.256351232528686523e+00
1.067000000001499060e+01,-2.323096990585327148e-01,1.228963136672973633e+00
1.069000000001543782e+01,-2.361343950033187866e-01,1.173537015914916992e+00
1.071000000001588504e+01,-2.396739870309829712e-01,1.167438626289367676e+00
1.073000000001633403e+01,-2.433444112539291382e-01,1.177927494049072266e+00
1.075000000001678124e+01,-2.472029030323028564e-01,1.207197308540344238e+00
1.077000000001722846e+01,-2.509041726589202881e-01,1.201812028884887695e+00
1.079000000001767567e+01,-2.541368007659912109e-01,1.144923567771911621e+00
1.081000000001812289e+01,-2.569325864315032959e-01,1.137867689132690430e+00
1.083000000001857011e+01,-2.595435380935668945e-01,1.132106781005859375e+00
1.085000000001901910e+01,-2.622042596340179443e-01,1.126513004302978516e+00
1.087000000001946631e+01,-2.650022506713867188e-01,1.140400052070617676e+00
1.089000000001991353e+01,-2.678107917308807373e-01,1.151136636734008789e+00
1.091000000002036074e+01,-2.703789770603179932e-01,1.132329583168029785e+00
1.093000000002080796e+01,-2.725713849067687988e-01,1.099997758865356445e+00
1.095000000002125518e+01,-2.744628489017486572e-01,1.093563914299011230e+00
1.097000000002170239e+01,-2.761889696121215820e-01,1.087672710418701172e+00
1.099000000002215138e+01,-2.778101563453674316e-01,1.081773281097412109e+00
1.101000000002259860e+01,-2.793251574039459229e-01,1.075740456581115723e+00
1.103000000002304581e+01,-2.807251811027526855e-01,1.070193529129028320e+00
1.105000000002349303e+01,-2.820069491863250732e-01,1.064133882522583008e+00
1.107000000002394025e+01,-2.831729650497436523e-01,1.058283329010009766e+00
1.109000000002438746e+01,-2.842324376106262207e-01,1.052504658699035645e+00
1.111000000002483468e+01,-2.851943969726562500e-01,1.047779321670532227e+00
1.113000000002528367e+01,-2.860572040081024170e-01,1.044136047363281250e+00
1.115000000002573088e+01,-2.868045568466186523e-01,1.036651134490966797e+00
1.117000000002617810e+01,-2.874125540256500244e-01,1.031194567680358887e+00
1.119000000002662532e+01,-2.878592312335968018e-01,1.023022890090942383e+00
1.121000000002707253e+01,-2.881395816802978516e-01,1.012738108634948730e+00
1.123000000002751975e+01,-2.882708311080932617e-01,1.006457567214965820e+00
1.125000000002796874e+01,-2.882751822471618652e-01,1.000538825988769531e+00
1.127000000002841595e+01,-2.881665527820587158e-01,9.946923851966857910e-01
1.129000000002886317e+01,-2.879568338394165039e-01,9.894310235977172852e-01
1.131000000002931039e+01,-2.876671552658081055e-01,9.848728775978088379e-01
1.133000000002975760e+01,-2.873159945011138916e-01,9.815510511398315430e-01
1.135000000003020482e+01,-2.868922352790832520e-01,9.806881546974182129e-01
1.137000000003065203e+01,-2.863567769527435303e-01,9.743536114692687988e-01
1.139000000003110102e+01,-2.856796085834503174e-01,9.645833969116210938e-01
1.141000000003154824e+01,-2.848661839962005615e-01,9.588657617568969727e-01
1.143000000003199546e+01,-2.839358448982238770e-01,9.538305997848510742e-01
1.145000000003244267e+01,-2.828970551490783691e-01,9.482682943344116211e-01
1.147000000003288989e+01,-2.817466259002685547e-01,9.425160884857177734e-01
1.149000000003333710e+01,-2.804824709892272949e-01,9.366944432258605957e-01
1.151000000003378432e+01,-2.791081666946411133e-01,9.312548041343688965e-01
1.153000000003423331e+01,-2.776286303997039795e-01,9.260529279708862305e-01
1.155000000003468053e+01,-2.760474085807800293e-01,9.209203124046325684e-01
1.157000000003512774e+01,-2.743558287620544434e-01,9.162364602088928223e-01
1.159000000003557496e+01,-2.725571990013122559e-01,9.119226336479187012e-01
1.161000000003602217e+01,-2.707313597202301025e-01,9.062446355819702148e-01
1.163000000003646939e+01,-2.690153717994689941e-01,9.011042118072509766e-01
1.165000000003691838e+01,-2.674165368080139160e-01,9.354914426803588867e-01
1.167000000003736560e+01,-2.657326459884643555e-01,9.225985407829284668e-01
1.169000000003781281e+01,-2.637674510478973389e-01,8.923676013946533203e-01
1.171000000003826003e+01,-2.615258991718292236e-01,8.860650658607482910e-01
1.173000000003870724e+01,-2.591162621974945068e-01,8.814216256141662598e-01
1.175000000003915446e+01,-2.565940320491790771e-01,8.755957484245300293e-01
1.177000000003960167e+01,-2.539998888969421387e-01,8.710567951202392578e-01
1.179000000004005067e+01,-2.514729797840118408e-01,8.677725195884704590e-01
1.181000000004049788e+01,-2.491661161184310913e-01,8.716952204704284668e-01
1.183000000004094510e+01,-2.469995915889739990e-01,9.188812375068664551e-01
1.185000000004139231e+01,-2.446697652339935303e-01,8.803623318672180176e-01
1.187000000004183953e+01,-2.419715821743011475e-01,8.571915030479431152e-01
1.189000000004228674e+01,-2.389549165964126587e-01,8.494145870208740234e-01
1.191000000004273396e+01,-2.357963025569915771e-01,8.441638946533203125e-01
1.193000000004318295e+01,-2.327199727296829224e-01,8.423336148262023926e-01
1.195000000004363017e+01,-2.299256622791290283e-01,8.408972024917602539e-01
1.197000000004407738e+01,-2.273517996072769165e-01,9.029043912887573242e-01
1.199000000004452460e+01,-2.246433943510055542e-01,8.654357790946960449e-01
1.201000000004497181e+01,-2.215196937322616577e-01,8.333460092544555664e-01
1.203000000004541903e+01,-2.180423587560653687e-01,8.261144757270812988e-01
1.205000000004586802e+01,-2.145152091979980469e-01,8.224067687988281250e-01
1.207000000004631524e+01,-2.112461626529693604e-01,8.193521499633789062e-01
1.209000000004676245e+01,-2.082837820053100586e-01,8.677651286125183105e-01
1.211000000004720967e+01,-2.053184956312179565e-01,8.693832755088806152e-01
1.213000000004765688e+01,-2.019823044538497925e-01,8.213841915130615234e-01
1.215000000004810410e+01,-1.982438564300537109e-01,8.107501864433288574e-01
1.217000000004855131e+01,-1.944412142038345337e-01,8.049849271774291992e-01
1.219000000004900031e+01,-1.909468024969100952e-01,8.050763607025146484e-01
1.221000000004944752e+01,-1.877637952566146851e-01,8.718143701553344727e-01
1.223000000004989474e+01,-1.844894587993621826e-01,8.440254330635070801e-01
1.225000000005034195e+01,-1.807789206504821777e-01,8.030899167060852051e-01
1.227000000005078917e+01,-1.767551153898239136e-01,7.940404415130615234e-01
1.229000000005123638e+01,-1.728569269180297852e-01,7.899851799011230469e-01
1.231000000005168360e+01,-1.693257242441177368e-01,8.286939263343811035e-01
1.233000000005213259e+01,-1.659163534641265869e-01,8.577154874801635742e-01
1.235000000005257981e+01,-1.621922999620437622e-01,8.054454922676086426e-01
1.237000000005302702e+01,-1.580717563629150391e-01,7.860127687454223633e-01
1.239000000005347424e+01,-1.539373397827148438e-01,7.799919843673706055e-01
1.241000000005392145e+01,-1.501509547233581543e-01,8.034408688545227051e-01
1.243000000005436867e+01,-1.465792208909988403e-01,8.585060238838195801e-01
1.245000000005481766e+01,-1.427623033523559570e-01,8.036320209503173828e-01
1.247000000005526488e+01,-1.385352611541748047e-01,7.778136730194091797e-01
1.249000000005571209e+01,-1.342543512582778931e-01,7.722900509834289551e-01
1.251000000005615931e+01,-1.303092837333679199e-01,7.948455810546875000e-01
1.253000000005660652e+01,-1.265825778245925903e-01,8.524876832962036133e-01
1.255000000005705374e+01,-1.226189285516738892e-01,7.956673502922058105e-01
1.257000000005750096e+01,-1.182764396071434021e-01,7.708495259284973145e-01
1.259000000005794995e+01,-1.139254122972488403e-01,7.650834918022155762e-01
1.261000000005839716e+01,-1.099043115973472595e-01,8.030356168746948242e-01
1.263000000005884438e+01,-1.060309484601020813e-01,8.379181027412414551e-01
1.265000000005929159e+01,-1.018799319863319397e-01,7.841879129409790039e-01
1.267000000005973881e+01,-9.742017090320587158e-02,7.655274271965026855e-01
1.269000000006018603e+01,-9.306044876575469971e-02,7.581999301910400391e-01
1.271000000006063324e+01,-8.902610838413238525e-02,8.240050077438354492e-01
1.273000000006108223e+01,-8.501455932855606079e-02,8.162721395492553711e-01
1.275000000006152945e+01,-8.066209405660629272e-02,7.721918225288391113e-01
1.277000000006197666e+01,-7.611024379730224609e-02,7.582353949546813965e-01
1.279000000006242388e+01,-7.179360836744308472e-02,7.625288963317871094e-01
1.281000000006287109e+01,-6.776265054941177368e-02,8.431269526481628418e-01
1.283000000006331831e+01,-6.360431015491485596e-02,7.902457714080810547e-01
1.285000000006376730e+01,-5.909486114978790283e-02,7.620055675506591797e-01
1.287000000006421452e+01,-5.454163253307342529e-02,7.523558735847473145e-01
1.289000000006466173e+01,-5.028470605611801147e-02,7.938502430915832520e-01
1.291000000006510895e+01,-4.616737738251686096e-02,8.232315778732299805e-01
1.293000000006555616e+01,-4.180199652910232544e-02,7.743595242500305176e-01
1.295000000006600338e+01,-3.719748929142951965e-02,7.557548880577087402e-01
1.297000000006645060e+01,-3.274496644735336304e-02,7.535021901130676270e-01
1.299000000006689959e+01,-2.857854589819908142e-02,8.300017714500427246e-01
1.301000000006734680e+01,-2.435674518346786499e-02,7.931502461433410645e-01
1.303000000006779402e+01,-1.982283033430576324e-02,7.613132596015930176e-01
1.305000000006824123e+01,-1.521541178226470947e-02,7.523435950279235840e-01
1.307000000006868845e+01,-1.087522786110639572e-02,7.820569872856140137e-01
1.309000000006913567e+01,-6.701907608658075333e-03,8.238368630409240723e-01
1.311000000006958466e+01,-2.326729241758584976e-03,7.741861939430236816e-01
1.313000000007003187e+01,2.283147070556879044e-03,7.567982673645019531e-01
1.315000000007047909e+01,6.772940512746572495e-03,7.524640560150146484e-01
1.317000000007092630e+01,1.099022291600704193e-02,8.229589462280273438e-01
1.319000000007137352e+01,1.523212622851133347e-02,7.937429547309875488e-01
1.321000000007182074e+01,1.974847167730331421e-02,7.635071277618408203e-01
1.323000000007226795e+01,2.433548308908939362e-02,7.544292807579040527e-01
1.325000000007271694e+01,2.867211028933525085e-02,7.810093164443969727e-01
1.327000000007316416e+01,3.283229470252990723e-02,8.225098252296447754e-01
1.329000000007361137e+01,3.715661168098449707e-02,7.775946855545043945e-01
1.331000000007405859e+01,4.169732332229614258e-02,7.621243596076965332e-01
1.333000000007450581e+01,4.613290727138519287e-02,7.581017613410949707e-01
1.335000000007495302e+01,5.028638616204261780e-02,8.171072006225585938e-01
1.337000000007540024e+01,5.440109968185424805e-02,8.040695786476135254e-01
1.339000000007584923e+01,5.874783173203468323e-02,7.741068005561828613e-01
1.341000000007629644e+01,6.319826096296310425e-02,7.669413685798645020e-01
1.343000000007674366e+01,6.742833554744720459e-02,7.733728289604187012e-01
1.345000000007719088e+01,7.142907381057739258e-02,8.347067832946777344e-01
1.347000000007763809e+01,7.553109526634216309e-02,7.910969853401184082e-01
1.349000000007808531e+01,7.990415394306182861e-02,7.729009389877319336e-01
1.351000000007853430e+01,8.431081473827362061e-02,7.672467231750488281e-01
1.353000000007898151e+01,8.847613632678985596e-02,7.901148200035095215e-01
1.355000000007942873e+01,9.249670803546905518e-02,8.266537785530090332e-01
1.357000000007987595e+01,9.667614847421646118e-02,7.837097048759460449e-01
1.359000000008032316e+01,1.010437309741973877e-01,7.725427150726318359e-01
1.361000000008077038e+01,1.052895858883857727e-01,7.738211750984191895e-01
1.363000000008121759e+01,1.091946512460708618e-01,8.176506757736206055e-01
1.365000000008166658e+01,1.128978356719017029e-01,8.273376822471618652e-01
1.367000000008211380e+01,1.166493743658065796e-01,8.054368495941162109e-01
1.369000000008256102e+01,1.204651519656181335e-01,8.048838973045349121e-01
1.371000000008300823e+01,1.241269633173942566e-01,8.124223947525024414e-01
1.373000000008345545e+01,1.274667084217071533e-01,8.269448280334472656e-01
1.375000000008390266e+01,1.305869221687316895e-01,8.648073673248291016e-01
1.377000000008434988e+01,1.337734609842300415e-01,8.354580998420715332e-01
1.379000000008479887e+01,1.372166424989700317e-01,8.258606791496276855e-01
1.381000000008524609e+01,1.408680677413940430e-01,8.165174722671508789e-01
1.383000000008569330e+01,1.445409804582595825e-01,8.079215884208679199e-01
1.385000000008614052e+01,1.481290906667709351e-01,8.220294117927551270e-01
1.387000000008658773e+01,1.517359614372253418e-01,8.369276523590087891e-01
1.389000000008703495e+01,1.555282473564147949e-01,8.036397099494934082e-01
1.391000000008748394e+01,1.594591289758682251e-01,7.978736162185668945e-01
1.393000000008793116e+01,1.632359623908996582e-01,8.078699707984924316e-01
1.395000000008837837e+01,1.665666997432708740e-01,8.284386992454528809e-01
1.397000000008882559e+01,1.693743169307708740e-01,8.724072575569152832e-01
1.399000000008927280e+01,1.717579811811447144e-01,8.795911073684692383e-01
1.401000000008972002e+01,1.738049387931823730e-01,8.925614356994628906e-01
1.403000000009016723e+01,1.755250096321105957e-01,9.142141342163085938e-01
1.405000000009061623e+01,1.769493222236633301e-01,9.300676584243774414e-01
1.407000000009106344e+01,1.782009601593017578e-01,9.382736682891845703e-01
1.409000000009151066e+01,1.794677525758743286e-01,9.378418922424316406e-01
1.411000000009195787e+01,1.809499114751815796e-01,9.280726313591003418e-01
1.413000000009240509e+01,1.827897131443023682e-01,9.094432592391967773e-01
1.415000000009285230e+01,1.849987059831619263e-01,8.842995762825012207e-01
1.417000000009329952e+01,1.875047981739044189e-01,8.693087100982666016e-01
1.419000000009374851e+01,1.902908086776733398e-01,8.761180043220520020e-01
1.421000000009419573e+01,1.933701634407043457e-01,8.429285287857055664e-01
1.423000000009464294e+01,1.965883821249008179e-01,8.321388363838195801e-01
1.425000000009509016e+01,1.995718628168106079e-01,8.471696972846984863e-01
1.427000000009553737e+01,2.019163221120834351e-01,8.832286596298217773e-01
1.429000000009598459e+01,2.033581882715225220e-01,9.279111027717590332e-01
1.431000000009643358e+01,2.038001418113708496e-01,9.783742427825927734e-01
1.433000000009688080e+01,2.032789885997772217e-01,1.026711225509643555e+00
1.435000000009732801e+01,2.019449472427368164e-01,1.067433357238769531e+00
1.437000000009777523e+01,2.000416517257690430e-01,1.096705436706542969e+00
1.439000000009822244e+01,1.978737860918045044e-01,1.109007239341735840e+00
1.441000000009866966e+01,1.957724094390869141e-01,1.105976819992065430e+00
1.443000000009911687e+01,1.940654963254928589e-01,1.086979150772094727e+00
1.445000000009956587e+01,1.930439770221710205e-01,1.052447319030761719e+00
1.447000000010001308e+01,1.929167360067367554e-01,1.007210612297058105e+00
1.449000000010046030e+01,1.937633305788040161e-01,9.583199620246887207e-01
1.451000000010090751e+01,1.954915821552276611e-01,9.138410687446594238e-01
1.453000000010135473e+01,1.978048533201217651e-01,8.808154463768005371e-01
1.455000000010180194e+01,2.002235352993011475e-01,8.745674490928649902e-01
1.457000000010224916e+01,2.021906673908233643e-01,8.993408083915710449e-01
1.459000000010269815e+01,2.032158523797988892e-01,9.480504989624023438e-01
1.461000000010314537e+01,2.029782682657241821e-01,1.012394309043884277e+00
1.463000000010359258e+01,2.013393044471740723e-01,1.084291815757751465e+00
1.465000000010403980e+01,1.982737928628921509e-01,1.152364134788513184e+00
1.467000000010448701e+01,1.938535124063491821e-01,1.210765123367309570e+00
1.469000000010493423e+01,1.883925348520278931e-01,1.283036708831787109e+00
1.471000000010538322e+01,1.825105696916580200e-01,1.311337113380432129e+00
1.473000000010583044e+01,1.768698096275329590e-01,1.269170999526977539e+00
1.475000000010627765e+01,1.719248741865158081e-01,1.241787552833557129e+00
1.477000000010672487e+01,1.680202931165695190e-01,1.209363579750061035e+00
1.479000000010717208e+01,1.654958873987197876e-01,1.128008723258972168e+00
1.481000000010761930e+01,1.645049601793289185e-01,1.044764637947082520e+00
1.483000000010806652e+01,1.648410707712173462e-01,9.801828861236572266e-01
1.485000000010851551e+01,1.660193651914596558e-01,9.382549524307250977e-01
1.487000000010896272e+01,1.674410104751586914e-01,9.277693629264831543e-01
1.489000000010940994e+01,1.684765517711639404e-01,9.461705684661865234e-01
1.491000000010985715e+01,1.685187071561813354e-01,9.922122359275817871e-01
1.493000000011030437e+01,1.670994758605957031e-01,1.070842981338500977e+00
1.495000000011075159e+01,1.639879494905471802e-01,1.162355661392211914e+00
1.497000000011119880e+01,1.591559052467346191e-01,1.237514138221740723e+00
1.499000000011164779e+01,1.527575850486755371e-01,1.307632327079772949e+00
1.501000000011209501e+01,1.452153623104095459e-01,1.407255411148071289e+00
1.503000000011254222e+01,1.371790170669555664e-01,1.385121226310729980e+00
1.505000000011298944e+01,1.293476819992065430e-01,1.395293116569519043e+00
1.507000000011343666e+01,1.223761960864067078e-01,1.365583658218383789e+00
1.509000000011388387e+01,1.167833283543586731e-01,1.266934394836425781e+00
1.511000000011433286e+01,1.128174290060997009e-01,1.198655843734741211e+00
1.513000000011478008e+01,1.104704216122627258e-01,1.121133089065551758e+00
1.515000000011522729e+01,1.095595955848693848e-01,1.043528079986572266e+00
1.517000000011567451e+01,1.097110211849212646e-01,9.887001514434814453e-01
1.519000000011612173e+01,1.103561818599700928e-01,9.651636481285095215e-01
1.521000000011656894e+01,1.108264103531837463e-01,9.733298420906066895e-01
1.523000000011701616e+01,1.104804798960685730e-01,1.013168334960937500e+00
1.525000000011746515e+01,1.088403165340423584e-01,1.081303477287292480e+00
1.527000000011791236e+01,1.056892424821853638e-01,1.162919044494628906e+00
1.529000000011835958e+01,1.010426431894302368e-01,1.232739210128784180e+00
1.531000000011880680e+01,9.508307278156280518e-02,1.288490533828735352e+00
1.533000000011925401e+01,8.819163590669631958e-02,1.360281348228454590e+00
1.535000000011970123e+01,8.093271404504776001e-02,1.364617228507995605e+00
1.537000000012015022e+01,7.389863580465316772e-02,1.342846155166625977e+00
1.539000000012059743e+01,6.760987639427185059e-02,1.327349424362182617e+00
1.541000000012104465e+01,6.249347701668739319e-02,1.254933238029479980e+00
1.543000000012149187e+01,5.879064276814460754e-02,1.180880665779113770e+00
1.545000000012193908e+01,5.648740008473396301e-02,1.115204095840454102e+00
1.547000000012238630e+01,5.537430942058563232e-02,1.055067539215087891e+00
1.549000000012283351e+01,5.511841550469398499e-02,1.010683655738830566e+00
1.551000000012328250e+01,5.528999865055084229e-02,9.889933466911315918e-01
1.553000000012372972e+01,5.541159585118293762e-02,9.918920397758483887e-01
1.555000000012417694e+01,5.503969267010688782e-02,1.017144918441772461e+00
1.557000000012462415e+01,5.383978411555290222e-02,1.059106230735778809e+00
1.559000000012507137e+01,5.164267122745513916e-02,1.110015869140625000e+00
1.561000000012551858e+01,4.847254604101181030e-02,1.161056041717529297e+00
1.563000000012596580e+01,4.452093318104743958e-02,1.199735045433044434e+00
1.565000000012641479e+01,4.007566347718238831e-02,1.222026586532592773e+00
1.567000000012686201e+01,3.546391427516937256e-02,1.231602311134338379e+00
1.569000000012730922e+01,3.103070892393589020e-02,1.224206089973449707e+00
1.571000000012775644e+01,2.710424736142158508e-02,1.197831988334655762e+00
1.573000000012820365e+01,2.392886765301227570e-02,1.158176422119140625e+00
1.575000000012865087e+01,2.161565981805324554e-02,1.115188121795654297e+00
1.577000000012909986e+01,2.014258690178394318e-02,1.072924852371215820e+00
1.579000000012954708e+01,1.938063092529773712e-02,1.037032127380371094e+00
1.581000000012999429e+01,1.912301219999790192e-02,1.011666297912597656e+00
1.583000000013044151e+01,1.911933347582817078e-02,9.990156292915344238e-01
1.585000000013088872e+01,1.911662891507148743e-02,9.992563724517822266e-01
1.587000000013133594e+01,1.889914833009243011e-02,1.010413169860839844e+00
1.589000000013178315e+01,1.831833645701408386e-02,1.029026627540588379e+00
1.591000000013223215e+01,1.730817370116710663e-02,1.050876617431640625e+00
1.593000000013267936e+01,1.588514074683189392e-02,1.071769118309020996e+00
1.595000000013312658e+01,1.413517910987138748e-02,1.088260769844055176e+00
1.597000000013357379e+01,1.219191588461399078e-02,1.097919821739196777e+00
1.599000000013402101e+01,1.021079625934362411e-02,1.099698185920715332e+00
1.601000000013446822e+01,8.343243040144443512e-03,1.093904972076416016e+00
1.603000000013491544e+01,6.713956594467163086e-03,1.081663608551025391e+00
1.605000000013536265e+01,5.404555238783359528e-03,1.065409302711486816e+00
1.607000000013580987e+01,4.446376115083694458e-03,1.047646284103393555e+00
1.609000000013625709e+01,3.822795115411281586e-03,1.030784487724304199e+00
1.611000000013670785e+01,3.478776430711150169e-03,1.016741514205932617e+00
1.613000000013715507e+01,3.334756242111325264e-03,1.006784796714782715e+00
1.615000000013760229e+01,3.302154596894979477e-03,1.001283049583435059e+00
1.617000000013804950e+01,3.297918476164340973e-03,1.000006556510925293e+00
1.619000000013849672e+01,3.255972173064947128e-03,1.002030014991760254e+00
1.621000000013894393e+01,3.134175203740596771e-03,1.006163597106933594e+00
1.623000000013939115e+01,2.916213590651750565e-03,1.011068105697631836e+00
1.625000000013983836e+01,2.608912764117121696e-03,1.015573024749755859e+00
1.627000000014028558e+01,2.236305503174662590e-03,1.018865823745727539e+00
1.629000000014073279e+01,1.832064008340239525e-03,1.020391821861267090e+00
1.631000000014118001e+01,1.431810203939676285e-03,1.020150065422058105e+00
1.633000000014162723e+01,1.066666329279541969e-03,1.018314003944396973e+00
1.635000000014207444e+01,7.588835433125495911e-04,1.015390872955322266e+00
1.637000000014252521e+01,5.198660073801875114e-04,1.011888742446899414e+00
1.639000000014297243e+01,3.504480409901589155e-04,1.008390784263610840e+00
1.641000000014341964e+01,2.429284213576465845e-04,1.005277156829833984e+00
1.643000000014386686e+01,1.841091725509613752e-04,1.002859950065612793e+00
1.645000000014431407e+01,1.585718709975481033e-04,1.001212596893310547e+00
1.647000000014476129e+01,1.515690382802858949e-04,1.000316858291625977e+00
1.649000000014520850e+01,1.511104637756943703e-04,1.000017642974853516e+00
1.651000000014565572e+01,1.490508293500170112e-04,1.000118970870971680e+00
1.653000000014610293e+01,1.412070123478770256e-04,1.000421285629272461e+00
1.655000000014655015e+01,1.267289771931245923e-04,1.000756621360778809e+00
1.657000000014699737e+01,1.070567741408012807e-04,1.001011252403259277e+00
1.659000000014744458e+01,8.479756797896698117e-05,1.001133680343627930e+00
1.661000000014789180e+01,6.274881889112293720e-05,1.001116275787353516e+00
1.663000000014833901e+01,4.317653656471520662e-05,1.000978469848632812e+00
1.665000000014878978e+01,2.742650394793599844e-05,1.000782132148742676e+00
1.667000000014923700e+01,1.589429484738502651e-05,1.000568866729736328e+00
1.669000000014968421e+01,8.244336640927940607e-06,1.000374317169189453e+00
1.671000000015013143e+01,3.710338887685793452e-06,1.000220298767089844e+00
1.673000000015057864e+01,1.375809119963378180e-06,1.000112891197204590e+00
1.675000000015102586e+01,3.911051749128091615e-07,1.000048041343688965e+00
1.677000000015147307e+01,1.014735246940290381e-07,1.000015020370483398e+00
1.679000000015192029e+01,8.466463441436644644e-08,1.000002980232238770e+00
1.681000000015236751e+01,1.214863658560716431e-07,1.000000596046447754e+00
1.683000000015281472e+01,1.324665959145931993e-07,1.000000715255737305e+00
1.685000000015326194e+01,1.115041072807798628e-07,1.000000119209289551e+00
1.687000000015370915e+01,7.670449519991962006e-08,1.000002026557922363e+00
1.689000000015415637e+01,4.446432910754083423e-08,1.000003814697265625e+00
1.691000000015460714e+01,2.197210591248222045e-08,1.000001430511474609e+00
1.693000000015505435e+01,9.211991169877364882e-09,1.000000715255737305e+00
1.695000000015550157e+01,3.184106978082468231e-09,1.000000238418579102e+00
1.697000000015594878e+01,8.254749106484382537e-10,1.000000000000000000e+00
1.699000000015639600e+01,9.500754349911488816e-11,1.000000000000000000e+00
1.701000000015684321e+01,-5.396384381017860221e-11,1.000000000000000000e+00
1.703000000015729043e+01,-4.889334770386000173e-11,1.000000000000000000e+00
1.705000000015773765e+01,-2.492855227798074225e-11,1.000000000000000000e+00
1.707000000015818486e+01,-9.991093889716307075e-12,1.000000000000000000e+00
1.709000000015863208e+01,-3.413689903669636649e-12,1.000000000000000000e+00
1.711000000015907929e+01,-1.028009817029273965e-12,1.000000000000000000e+00
1.713000000015952651e+01,-2.776353365957495711e-13,1.000000000000000000e+00
1.715000000015997372e+01,-6.795245925195550485e-14,1.000000000000000000e+00
1.717000000016042449e+01,-1.517843908557543059e-14,1.000000000000000000e+00
1.719000000016087171e+01,-3.109811585626015215e-15,1.000000000000000000e+00
1.721000000016131892e+01,-5.866962062453886552e-16,1.000000000000000000e+00
1.723000000016176614e+01,-1.022432493330331595e-16,1.000000000000000000e+00
1.725000000016221335e+01,-1.650299768298419984e-17,1.000000000000000000e+00
1.727000000016266057e+01,-2.473046692768163430e-18,1.000000000000000000e+00
1.729000000016310779e+01,-3.448230337928300159e-19,1.000000000000000000e+00
1.731000000016355500e+01,-4.482940872648079122e-20,1.000000000000000000e+00
1.733000000016400222e+01,-5.445331588023715076e-21,1.000000000000000000e+00
1.735000000016444943e+01,-6.192659080180810962e-22,1.000000000000000000e+00
1.737000000016489665e+01,-6.607548167051680673e-23,1.000000000000000000e+00
1.739000000016534386e+01,-6.629334611987712489e-24,1.000000000000000000e+00
1.741000000016579108e+01,-6.268591971296604132e-25,1.000000000000000000e+00
1.743000000016623829e+01,-5.600155613638237410e-26,1.000000000000000000e+00
1.745000000016668906e+01,-4.738925502603744177e-27,1.000000000000000000e+00
1.747000000016713628e+01,-3.808805002643965903e-28,1.000000000000000000e+00
1.749000000016758349e+01,-2.915836870943508346e-29,1.000000000000000000e+00
1.751000000016803071e+01,-2.132503798436899397e-30,1.000000000000000000e+00
1.753000000016847792e+01,-1.494500477946180221e-31,1.000000000000000000e+00
1.755000000016892514e+01,-1.006787842402654363e-32,1.000000000000000000e+00
1.757000000016937236e+01,-6.540153939322617383e-34,1.000000000000000000e+00
1.759000000016981957e+01,-4.109829585696485537e-35,1.000000000000000000e+00
1.761000000017026679e+01,-2.506205218814058283e-36,1.000000000000000000e+00
1.763000000017071400e+01,-1.487719791632165773e-37,1.000000000000000000e+00
1.765000000017116122e+01,-8.623114307977053817e-39,1.000000000000000000e+00
1.767000000017160843e+01,-4.894791587825159021e-40,1.000000000000000000e+00
1.769000000017205565e+01,-2.728748499579716282e-41,1.000000000000000000e+00
1.771000000017250642e+01,-1.499389356827554266e-42,1.000000000000000000e+00
1.773000000017295363e+01,-7.987401246651457304e-44,1.000000000000000000e+00
1.775000000017340085e+01,-4.203895392974451213e-45,1.000000000000000000e+00
1.777000000017384806e+01,0.000000000000000000e+00,1.000000000000000000e+00
1.779000000017429528e+01,0.000000000000000000e+00,1.000000000000000000e+00
1.781000000017474250e+01,0.000000000000000000e+00,1.000000000000000000e+00
1.783000000017518971e+01,0.000000000000000000e+00,1.000000000000000000e+00
1.785000000017563693e+01,0.000000000000000000e+00,1.000000000000000000e+00
1.787000000017608414e+01,0.000000000000000000e+00,1.000000000000000000e+00
1.789000000017653136e+01,0.000000000000000000e+00,1.000000000000000000e+00
1.791000000017697857e+01,0.000000000000000000e+00,1.000000000000000000e+00
1.793000000017742579e+01,0.000000000000000000e+00,1.000000000000000000e+00
1.795000000017787301e+01,0.000000000000000000e+00,1.000000000000000000e+00
1.797000000017832377e+01,0.000000000000000000e+00,1.000000000000000000e+00
1.799000000017877099e+01,0.000000000000000000e+00,1.000000000000000000e+00
1.801000000017921820e+01,0.000000000000000000e+00,1.000000000000000000e+00
1.803000000017966542e+01,0.000000000000000000e+00,1.000000000000000000e+00
1.805000000018011264e+01,0.000000000000000000e+00,1.000000000000000000e+00
1.807000000018055985e+01,0.000000000000000000e+00,1.000000000000000000e+00
1.809000000018100707e+01,0.000000000000000000e+00,1.000000000000000000e+00
1.811000000018145428e+01,0.000000000000000000e+00,1.000000000000000000e+00
1.813000000018190150e+01,0.000000000000000000e+00,1.000000000000000000e+00
1.815000000018234871e+01,0.000000000000000000e+00,1.000000000000000000e+00
1.817000000018279593e+01,0.000000000000000000e+00,1.000000000000000000e+00
1.819000000018324315e+01,0.000000000000000000e+00,1.000000000000000000e+00
1.821000000018369036e+01,0.000000000000000000e+00,1.000000000000000000e+00
1.823000000018414113e+01,0.000000000000000000e+00,1.000000000000000000e+00
1.825000000018458834e+01,0.000000000000000000e+00,1.000000000000000000e+00
1.827000000018503556e+01,0.000000000000000000e+00,1.000000000000000000e+00
1.829000000018548278e+01,0.000000000000000000e+00,1.000000000000000000e+00
1.831000000018592999e+01,0.000000000000000000e+00,1.000000000000000000e+00
1.833000000018637721e+01,0.000000000000000000e+00,1.000000000000000000e+00
1.835000000018682442e+01,0.000000000000000000e+00,1.000000000000000000e+00
1.837000000018727164e+01,0.000000000000000000e+00,1.000000000000000000e+00
1.839000000018771885e+01,0.000000000000000000e+00,1.000000000000000000e+00
1.841000000018816607e+01,0.000000000000000000e+00,1.000000000000000000e+00
1.843000000018861328e+01,0.000000000000000000e+00,1.000000000000000000e+00
1.845000000018906050e+01,0.000000000000000000e+00,1.000000000000000000e+00
1.847000000018950772e+01,0.000000000000000000e+00,1.000000000000000000e+00
1.849000000018995493e+01,0.000000000000000000e+00,1.000000000000000000e+00
1.851000000019040570e+01,0.000000000000000000e+00,1.000000000000000000e+00
1.853000000019085292e+01,0.000000000000000000e+00,1.000000000000000000e+00
1.855000000019130013e+01,0.000000000000000000e+00,1.000000000000000000e+00
1.857000000019174735e+01,0.000000000000000000e+00,1.000000000000000000e+00
1.859000000019219456e+01,0.000000000000000000e+00,1.000000000000000000e+00
1.861000000019264178e+01,0.000000000000000000e+00,1.000000000000000000e+00
1.863000000019308899e+01,0.000000000000000000e+00,1.000000000000000000e+00
1.865000000019353621e+01,0.000000000000000000e+00,1.000000000000000000e+00
1.867000000019398342e+01,0.000000000000000000e+00,1.000000000000000000e+00
1.869000000019443064e+01,0.000000000000000000e+00,1.000000000000000000e+00
1.871000000019487786e+01,0.000000000000000000e+00,1.000000000000000000e+00
1.873000000019532507e+01,0.000000000000000000e+00,1.000000000000000000e+00
1.875000000019577229e+01,0.000000000000000000e+00,1.000000000000000000e+00
1.877000000019622306e+01,0.000000000000000000e+00,1.000000000000000000e+00
1.879000000019667027e+01,0.000000000000000000e+00,1.000000000000000000e+00
1.881000000019711749e+01,0.000000000000000000e+00,1.000000000000000000e+00
1.883000000019756470e+01,0.000000000000000000e+00,1.000000000000000000e+00
1.885000000019801192e+01,0.000000000000000000e+00,1.000000000000000000e+00
1.887000000019845913e+01,0.000000000000000000e+00,1.000000000000000000e+00
1.889000000019890635e+01,0.000000000000000000e+00,1.000000000000000000e+00
1.891000000019935356e+01,0.000000000000000000e+00,1.000000000000000000e+00
1.893000000019980078e+01,0.000000000000000000e+00,1.000000000000000000e+00
1.895000000020024800e+01,0.000000000000000000e+00,1.000000000000000000e+00
1.897000000020069521e+01,0.000000000000000000e+00,1.000000000000000000e+00
1.899000000020114243e+01,0.000000000000000000e+00,1.000000000000000000e+00
1.901000000020158964e+01,0.000000000000000000e+00,1.000000000000000000e+00
1.903000000020204041e+01,0.000000000000000000e+00,1.000000000000000000e+00
1.905000000020248763e+01,0.000000000000000000e+00,1.000000000000000000e+00
1.907000000020293484e+01,0.000000000000000000e+00,1.000000000000000000e+00
1.909000000020338206e+01,0.000000000000000000e+00,1.000000000000000000e+00
1.911000000020382927e+01,0.000000000000000000e+00,1.000000000000000000e+00
1.913000000020427649e+01,0.000000000000000000e+00,1.000000000000000000e+00
1.915000000020472370e+01,0.000000000000000000e+00,1.000000000000000000e+00
1.917000000020517092e+01,0.000000000000000000e+00,1.000000000000000000e+00
1.919000000020561814e+01,0.000000000000000000e+00,1.000000000000000000e+00
1.921000000020606535e+01,0.000000000000000000e+00,1.000000000000000000e+00
1.923000000020651257e+01,0.000000000000000000e+00,1.000000000000000000e+00
1.925000000020695978e+01,0.000000000000000000e+00,1.000000000000000000e+00
1.927000000020740700e+01,0.000000000000000000e+00,1.000000000000000000e+00
1.929000000020785421e+01,0.000000000000000000e+00,1.000000000000000000e+00
1.931000000020830498e+01,0.000000000000000000e+00,1.000000000000000000e+00
1.933000000020875220e+01,0.000000000000000000e+00,1.000000000000000000e+00
1.935000000020919941e+01,0.000000000000000000e+00,1.000000000000000000e+00
1.937000000020964663e+01,0.000000000000000000e+00,1.000000000000000000e+00
1.939000000021009384e+01,0.000000000000000000e+00,1.000000000000000000e+00
1.941000000021054106e+01,0.000000000000000000e+00,1.000000000000000000e+00
1.943000000021098828e+01,0.000000000000000000e+00,1.000000000000000000e+00
1.945000000021143549e+01,0.000000000000000000e+00,1.000000000000000000e+00
1.947000000021188271e+01,0.000000000000000000e+00,1.000000000000000000e+00
1.949000000021232992e+01,0.000000000000000000e+00,1.000000000000000000e+00
1.951000000021277714e+01,0.000000000000000000e+00,1.000000000000000000e+00
1.953000000021322435e+01,0.000000000000000000e+00,1.000000000000000000e+00
1.955000000021367157e+01,0.000000000000000000e+00,1.000000000000000000e+00
1.957000000021412234e+01,0.000000000000000000e+00,1.000000000000000000e+00
1.959000000021456955e+01,0.000000000000000000e+00,1.000000000000000000e+00
1.961000000021501677e+01,0.000000000000000000e+00,1.000000000000000000e+00
1.963000000021546398e+01,0.000000000000000000e+00,1.000000000000000000e+00
1.965000000021591120e+01,0.000000000000000000e+00,1.000000000000000000e+00
1.967000000021635842e+01,0.000000000000000000e+00,1.000000000000000000e+00
1.969000000021680563e+01,0.000000000000000000e+00,1.000000000000000000e+00
1.971000000021725285e+01,0.000000000000000000e+00,1.000000000000000000e+00
1.973000000021770006e+01,0.000000000000000000e+00,1.000000000000000000e+00
1.975000000021814728e+01,0.000000000000000000e+00,1.000000000000000000e+00
1.977000000021859449e+01,0.000000000000000000e+00,1.000000000000000000e+00
1.979000000021904171e+01,0.000000000000000000e+00,1.000000000000000000e+00
1.981000000021948892e+01,0.000000000000000000e+00,1.000000000000000000e+00
1.983000000021993969e+01,0.000000000000000000e+00,1.000000000000000000e+00
1.985000000022038691e+01,0.000000000000000000e+00,1.000000000000000000e+00
1.987000000022083412e+01,0.000000000000000000e+00,1.000000000000000000e+00
1.989000000022128134e+01,0.000000000000000000e+00,1.000000000000000000e+00
1.991000000022172856e+01,0.000000000000000000e+00,1.000000000000000000e+00
1.993000000022217577e+01,0.000000000000000000e+00,1.000000000000000000e+00
1.995000000022262299e+01,0.000000000000000000e+00,1.000000000000000000e+00
1.997000000022307020e+01,0.000000000000000000e+00,1.000000000000000000e+00
1.999000000022351742e+01,0.000000000000000000e+00,1.000000000000000000e+00
